model,accuracy_percent,avg_loss,correct,total
GoogLeNet,82.19,0.5980812832238568,8219,10000
AlexNet,80.11,0.8465030645109286,8011,10000
VGG16,77.11,1.0836951884494466,7711,10000
