variant,trainable_params,test_accuracy_percent,test_loss,training_time_seconds,peak_gpu_memory_mb
pretrained_vgg16_without_finetuning,134301514,6.85,2.3516466313866293,0.0,
classifier_only,119586826,87.87,0.36085510505422663,362.6453595161438,4343.9130859375
last_layers_finetuning,121946634,88.23,0.3448349082261134,369.594496011734,5330.92578125
full_finetuning,134301514,91.65,0.28087018839540373,4116.104956150055,9111.751953125
